檔案,分頁,月份,欄位,前值,新值
TPASS使用比例,臺東公路,114/10,總搭乘人次,87936,87935
TPASS使用比例,臺東公路,115/05,TPASS比例,40.5,40.4
TPASS使用比例,臺東市區,113/06,總搭乘人次,12309,12307
TPASS使用比例,臺東市區,113/07,總搭乘人次,11518,11517
TPASS使用比例,臺東市區,113/08,TPASS搭乘人次,988,987
TPASS使用比例,臺東市區,113/08,總搭乘人次,14745,14744
TPASS使用比例,臺東市區,113/09,總搭乘人次,14433,14431
TPASS使用比例,臺東市區,113/11,總搭乘人次,16157,16156
TPASS使用比例,臺東市區,113/12,總搭乘人次,13757,13756
TPASS使用比例,臺東市區,114/01,總搭乘人次,10936,10935
TPASS使用比例,臺東市區,114/03,TPASS搭乘人次,2716,2715
TPASS使用比例,臺東市區,114/03,總搭乘人次,12206,12205
TPASS使用比例,臺東市區,114/06,TPASS搭乘人次,2937,2936
TPASS使用比例,臺東市區,114/06,總搭乘人次,15133,15131
TPASS使用比例,臺東市區,114/07,TPASS搭乘人次,1559,1557
TPASS使用比例,臺東市區,114/07,總搭乘人次,12897,12893
TPASS使用比例,臺東市區,114/09,TPASS搭乘人次,3432,2340
TPASS使用比例,臺東市區,114/09,TPASS比例,26.6,19.8
TPASS使用比例,臺東市區,114/09,總搭乘人次,12926,11829
TPASS使用比例,臺東市區,114/10,TPASS搭乘人次,4250,2897
TPASS使用比例,臺東市區,114/10,TPASS比例,26.9,20.1
TPASS使用比例,臺東市區,114/10,總搭乘人次,15782,14427
TPASS使用比例,臺東市區,114/11,TPASS比例,17.8,17.7
TPASS使用比例,花蓮公路,113/06,TPASS搭乘人次,4745,4743
TPASS使用比例,花蓮公路,113/06,總搭乘人次,28472,28469
TPASS使用比例,花蓮公路,113/07,TPASS搭乘人次,3577,3574
TPASS使用比例,花蓮公路,113/07,總搭乘人次,26660,26657
TPASS使用比例,花蓮公路,113/08,TPASS搭乘人次,3534,3531
TPASS使用比例,花蓮公路,113/08,總搭乘人次,27650,27647
TPASS使用比例,花蓮公路,113/11,TPASS搭乘人次,6074,6072
TPASS使用比例,花蓮公路,113/11,總搭乘人次,34724,34721
TPASS使用比例,花蓮公路,114/01,總搭乘人次,26085,26084
TPASS使用比例,花蓮公路,114/04,總搭乘人次,32599,32598
TPASS使用比例,花蓮公路,114/06,TPASS比例,19.4,19.3
TPASS使用比例,花蓮公路,114/06,總搭乘人次,30017,30016
TPASS使用比例,花蓮公路,114/07,總搭乘人次,28640,28639
TPASS使用比例,花蓮公路,114/09,TPASS搭乘人次,6525,6524
TPASS使用比例,花蓮公路,114/09,總搭乘人次,31191,31189
TPASS使用比例,花蓮公路,114/10,總搭乘人次,32153,32151
TPASS使用比例,花蓮公路,115/04,TPASS比例,20.6,20.7
TPASS使用比例,花蓮市區,113/06,TPASS比例,13.7,13.6
TPASS使用比例,花蓮市區,113/07,總搭乘人次,20798,20797
TPASS使用比例,花蓮市區,113/09,TPASS搭乘人次,5498,5497
TPASS使用比例,花蓮市區,113/09,總搭乘人次,35987,35986
TPASS使用比例,花蓮市區,113/10,TPASS搭乘人次,6123,6122
TPASS使用比例,花蓮市區,113/10,總搭乘人次,33193,33192
TPASS使用比例,花蓮市區,113/11,TPASS搭乘人次,6875,6871
TPASS使用比例,花蓮市區,113/11,TPASS比例,19.4,19.3
TPASS使用比例,花蓮市區,113/11,總搭乘人次,35521,35517
TPASS使用比例,花蓮市區,113/12,總搭乘人次,39379,39378
TPASS使用比例,花蓮市區,114/01,總搭乘人次,21619,21618
TPASS使用比例,花蓮市區,114/02,TPASS搭乘人次,5695,5693
TPASS使用比例,花蓮市區,114/02,總搭乘人次,22094,22092
TPASS使用比例,花蓮市區,114/03,TPASS搭乘人次,8880,8879
TPASS使用比例,花蓮市區,114/03,總搭乘人次,29233,29231
TPASS使用比例,花蓮市區,114/04,TPASS搭乘人次,7872,7870
TPASS使用比例,花蓮市區,114/04,總搭乘人次,29369,29366
TPASS使用比例,花蓮市區,114/05,總搭乘人次,28146,28144
TPASS使用比例,花蓮市區,114/06,TPASS搭乘人次,6828,6825
TPASS使用比例,花蓮市區,114/06,總搭乘人次,26383,26380
TPASS使用比例,花蓮市區,114/08,TPASS搭乘人次,5345,3827
TPASS使用比例,花蓮市區,114/08,TPASS比例,23.1,17.7
TPASS使用比例,花蓮市區,114/08,總搭乘人次,23101,21582
TPASS使用比例,花蓮市區,114/09,TPASS搭乘人次,12161,8890
TPASS使用比例,花蓮市區,114/09,TPASS比例,35.8,29
TPASS使用比例,花蓮市區,114/09,總搭乘人次,33958,30685
TPASS使用比例,花蓮市區,114/10,TPASS搭乘人次,13900,10065
TPASS使用比例,花蓮市區,114/10,TPASS比例,39.6,32.2
TPASS使用比例,花蓮市區,114/10,總搭乘人次,35107,31272
TPASS使用比例,花蓮市區,114/11,總搭乘人次,26905,26904
TPASS使用比例,花蓮市區,114/12,總搭乘人次,30074,30073
平均每日使用次數及其族群分布,TPASS_臺東市區,113/08,二至四次_人數,83,84
平均每日使用次數及其族群分布,TPASS_臺東市區,113/08,五次以上_人數,50,49
平均每日使用次數及其族群分布,TPASS_臺東市區,113/08,五次以上_比例,21.8,21.4
平均每日使用次數及其族群分布,TPASS_臺東市區,114/09,二至四次_人數,171,140
平均每日使用次數及其族群分布,TPASS_臺東市區,114/09,五次以上_人數,164,133
平均每日使用次數及其族群分布,TPASS_臺東市區,114/09,五次以上_比例,43.7,35.5
平均每日使用次數及其族群分布,TPASS_臺東市區,114/09,僅一次_人數,40,102
平均每日使用次數及其族群分布,TPASS_臺東市區,114/09,僅一次_比例,10.7,27.2
平均每日使用次數及其族群分布,TPASS_臺東市區,114/10,二至四次_人數,176,150
平均每日使用次數及其族群分布,TPASS_臺東市區,114/10,五次以上_人數,183,146
平均每日使用次數及其族群分布,TPASS_臺東市區,114/10,五次以上_比例,45.4,36.2
平均每日使用次數及其族群分布,TPASS_臺東市區,114/10,僅一次_人數,44,107
平均每日使用次數及其族群分布,TPASS_臺東市區,114/10,僅一次_比例,10.9,26.6
平均每日使用次數及其族群分布,TPASS_花蓮市區,113/10,二至四次_人數,2106,2105
平均每日使用次數及其族群分布,TPASS_花蓮市區,113/10,僅一次_人數,1544,1545
平均每日使用次數及其族群分布,TPASS_花蓮市區,113/11,二至四次_人數,2382,2381
平均每日使用次數及其族群分布,TPASS_花蓮市區,113/11,僅一次_人數,1761,1762
平均每日使用次數及其族群分布,TPASS_花蓮市區,114/02,二至四次_人數,2012,2011
平均每日使用次數及其族群分布,TPASS_花蓮市區,114/02,僅一次_人數,1351,1352
平均每日使用次數及其族群分布,TPASS_花蓮市區,114/03,二至四次_人數,3197,3196
平均每日使用次數及其族群分布,TPASS_花蓮市區,114/03,僅一次_人數,1992,1993
平均每日使用次數及其族群分布,TPASS_花蓮市區,114/04,二至四次_人數,2765,2764
平均每日使用次數及其族群分布,TPASS_花蓮市區,114/04,僅一次_人數,1976,1977
平均每日使用次數及其族群分布,TPASS_花蓮市區,114/06,二至四次_人數,2397,2396
平均每日使用次數及其族群分布,TPASS_花蓮市區,114/06,五次以上_人數,14,13
平均每日使用次數及其族群分布,TPASS_花蓮市區,114/06,僅一次_人數,1679,1681
平均每日使用次數及其族群分布,TPASS_花蓮市區,114/08,二至四次_人數,1605,1343
平均每日使用次數及其族群分布,TPASS_花蓮市區,114/08,五次以上_人數,84,4
平均每日使用次數及其族群分布,TPASS_花蓮市區,114/08,五次以上_比例,3.7,0.2
平均每日使用次數及其族群分布,TPASS_花蓮市區,114/08,僅一次_人數,570,912
平均每日使用次數及其族群分布,TPASS_花蓮市區,114/08,僅一次_比例,25.2,40.4
平均每日使用次數及其族群分布,TPASS_花蓮市區,114/09,二至四次_人數,3562,3051
平均每日使用次數及其族群分布,TPASS_花蓮市區,114/09,五次以上_人數,198,27
平均每日使用次數及其族群分布,TPASS_花蓮市區,114/09,五次以上_比例,3.7,0.5
平均每日使用次數及其族群分布,TPASS_花蓮市區,114/09,僅一次_人數,1547,2229
平均每日使用次數及其族群分布,TPASS_花蓮市區,114/09,僅一次_比例,29.2,42
平均每日使用次數及其族群分布,TPASS_花蓮市區,114/10,二至四次_人數,4078,3518
平均每日使用次數及其族群分布,TPASS_花蓮市區,114/10,五次以上_人數,207,18
平均每日使用次數及其族群分布,TPASS_花蓮市區,114/10,五次以上_比例,3.5,0.3
平均每日使用次數及其族群分布,TPASS_花蓮市區,114/10,僅一次_人數,1698,2447
平均每日使用次數及其族群分布,TPASS_花蓮市區,114/10,僅一次_比例,28.4,40.9
平均每日使用次數及其族群分布,全部乘客_臺東市區,113/06,二至四次_人數,2423,2422
平均每日使用次數及其族群分布,全部乘客_臺東市區,113/06,僅一次_人數,3826,3827
平均每日使用次數及其族群分布,全部乘客_臺東市區,113/07,二至四次_人數,2356,2355
平均每日使用次數及其族群分布,全部乘客_臺東市區,113/07,僅一次_人數,3893,3894
平均每日使用次數及其族群分布,全部乘客_臺東市區,113/07,僅一次_比例,60.3,60.4
平均每日使用次數及其族群分布,全部乘客_臺東市區,113/08,二至四次_人數,3035,3036
平均每日使用次數及其族群分布,全部乘客_臺東市區,113/08,五次以上_人數,287,286
平均每日使用次數及其族群分布,全部乘客_臺東市區,113/09,二至四次_人數,2808,2809
平均每日使用次數及其族群分布,全部乘客_臺東市區,113/09,五次以上_人數,345,344
平均每日使用次數及其族群分布,全部乘客_臺東市區,114/01,二至四次_人數,1956,1955
平均每日使用次數及其族群分布,全部乘客_臺東市區,114/01,僅一次_人數,3039,3040
平均每日使用次數及其族群分布,全部乘客_臺東市區,114/06,二至四次_人數,2895,2894
平均每日使用次數及其族群分布,全部乘客_臺東市區,114/06,僅一次_人數,4331,4332
平均每日使用次數及其族群分布,全部乘客_臺東市區,114/09,二至四次_人數,2182,2152
平均每日使用次數及其族群分布,全部乘客_臺東市區,114/09,五次以上_人數,336,306
平均每日使用次數及其族群分布,全部乘客_臺東市區,114/09,五次以上_比例,5.7,5.2
平均每日使用次數及其族群分布,全部乘客_臺東市區,114/09,僅一次_人數,3357,3417
平均每日使用次數及其族群分布,全部乘客_臺東市區,114/09,僅一次_比例,57.1,58.2
平均每日使用次數及其族群分布,全部乘客_臺東市區,114/10,二至四次_人數,2745,2724
平均每日使用次數及其族群分布,全部乘客_臺東市區,114/10,五次以上_人數,370,332
平均每日使用次數及其族群分布,全部乘客_臺東市區,114/10,五次以上_比例,5.3,4.7
平均每日使用次數及其族群分布,全部乘客_臺東市區,114/10,僅一次_人數,3888,3947
平均每日使用次數及其族群分布,全部乘客_臺東市區,114/10,僅一次_比例,55.5,56.4
平均每日使用次數及其族群分布,全部乘客_花蓮公路,113/11,二至四次_人數,4576,4575
平均每日使用次數及其族群分布,全部乘客_花蓮公路,113/11,僅一次_人數,5593,5594
平均每日使用次數及其族群分布,全部乘客_花蓮公路,114/01,二至四次_人數,3164,3165
平均每日使用次數及其族群分布,全部乘客_花蓮公路,114/01,五次以上_人數,1134,1133
平均每日使用次數及其族群分布,全部乘客_花蓮公路,114/10,二至四次_人數,3302,3303
平均每日使用次數及其族群分布,全部乘客_花蓮公路,114/10,五次以上_人數,1335,1334
平均每日使用次數及其族群分布,全部乘客_花蓮市區,113/10,二至四次_人數,7363,7362
平均每日使用次數及其族群分布,全部乘客_花蓮市區,113/10,僅一次_人數,7874,7875
平均每日使用次數及其族群分布,全部乘客_花蓮市區,113/11,二至四次_人數,8042,8041
平均每日使用次數及其族群分布,全部乘客_花蓮市區,113/11,僅一次_人數,9189,9190
平均每日使用次數及其族群分布,全部乘客_花蓮市區,114/02,二至四次_人數,5136,5135
平均每日使用次數及其族群分布,全部乘客_花蓮市區,114/02,僅一次_人數,7084,7085
平均每日使用次數及其族群分布,全部乘客_花蓮市區,114/03,二至四次_人數,7361,7360
平均每日使用次數及其族群分布,全部乘客_花蓮市區,114/03,僅一次_人數,8856,8857
平均每日使用次數及其族群分布,全部乘客_花蓮市區,114/04,二至四次_人數,7001,7000
平均每日使用次數及其族群分布,全部乘客_花蓮市區,114/04,僅一次_人數,9290,9291
平均每日使用次數及其族群分布,全部乘客_花蓮市區,114/06,二至四次_人數,6122,6121
平均每日使用次數及其族群分布,全部乘客_花蓮市區,114/06,五次以上_人數,748,747
平均每日使用次數及其族群分布,全部乘客_花蓮市區,114/06,僅一次_人數,8133,8135
平均每日使用次數及其族群分布,全部乘客_花蓮市區,114/08,二至四次_人數,4653,4405
平均每日使用次數及其族群分布,全部乘客_花蓮市區,114/08,五次以上_人數,867,787
平均每日使用次數及其族群分布,全部乘客_花蓮市區,114/08,五次以上_比例,7.3,6.7
平均每日使用次數及其族群分布,全部乘客_花蓮市區,114/08,僅一次_人數,6280,6608
平均每日使用次數及其族群分布,全部乘客_花蓮市區,114/08,僅一次_比例,53.2,56
平均每日使用次數及其族群分布,全部乘客_花蓮市區,114/09,二至四次_人數,8039,7591
平均每日使用次數及其族群分布,全部乘客_花蓮市區,114/09,五次以上_人數,915,727
平均每日使用次數及其族群分布,全部乘客_花蓮市區,114/09,五次以上_比例,5.2,4.1
平均每日使用次數及其族群分布,全部乘客_花蓮市區,114/09,僅一次_人數,8623,9259
平均每日使用次數及其族群分布,全部乘客_花蓮市區,114/09,僅一次_比例,49.1,52.7
平均每日使用次數及其族群分布,全部乘客_花蓮市區,114/10,二至四次_人數,8280,7759
平均每日使用次數及其族群分布,全部乘客_花蓮市區,114/10,五次以上_人數,837,646
平均每日使用次數及其族群分布,全部乘客_花蓮市區,114/10,五次以上_比例,4.5,3.5
平均每日使用次數及其族群分布,全部乘客_花蓮市區,114/10,僅一次_人數,9398,10110
平均每日使用次數及其族群分布,全部乘客_花蓮市區,114/10,僅一次_比例,50.8,54.6
平均每日使用次數及其族群分布,單日平均_花蓮市區,113/07,該月總使用次數,20798,20797
平均每日使用次數及其族群分布,單日平均_花蓮市區,113/09,該月總使用次數,35987,35986
平均每日使用次數及其族群分布,單日平均_花蓮市區,113/10,該月總使用次數,33193,33192
平均每日使用次數及其族群分布,單日平均_花蓮市區,113/11,該月總使用次數,35521,35517
平均每日使用次數及其族群分布,單日平均_花蓮市區,113/12,該月總使用次數,39379,39378
平均每日使用次數及其族群分布,單日平均_花蓮市區,114/01,該月總使用次數,21619,21618
平均每日使用次數及其族群分布,單日平均_花蓮市區,114/02,該月總使用次數,22094,22092
平均每日使用次數及其族群分布,單日平均_花蓮市區,114/03,該月總使用次數,29233,29231
平均每日使用次數及其族群分布,單日平均_花蓮市區,114/04,該月總使用次數,29369,29366
平均每日使用次數及其族群分布,單日平均_花蓮市區,114/05,該月總使用次數,28146,28144
平均每日使用次數及其族群分布,單日平均_花蓮市區,114/06,該月總使用次數,26383,26380
平均每日使用次數及其族群分布,單日平均_花蓮市區,114/08,該月總使用次數,23101,21582
平均每日使用次數及其族群分布,單日平均_花蓮市區,114/09,該月總使用次數,33958,30685
平均每日使用次數及其族群分布,單日平均_花蓮市區,114/10,該月總使用次數,35107,31272
平均每日使用次數及其族群分布,單日平均_花蓮市區,114/11,該月總使用次數,26905,26904
平均每日使用次數及其族群分布,單日平均_花蓮市區,114/12,該月總使用次數,30074,30073
平均每日使用次數及其族群分布,平均每日_臺東公路,114/10,該月總使用次數,87936,87935
平均每日使用次數及其族群分布,平均每日_臺東市區,113/06,該月總使用次數,12309,12307
平均每日使用次數及其族群分布,平均每日_臺東市區,113/07,該月總使用次數,11518,11517
平均每日使用次數及其族群分布,平均每日_臺東市區,113/08,該月總使用次數,14745,14744
平均每日使用次數及其族群分布,平均每日_臺東市區,113/09,該月總使用次數,14433,14431
平均每日使用次數及其族群分布,平均每日_臺東市區,113/11,該月總使用次數,16157,16156
平均每日使用次數及其族群分布,平均每日_臺東市區,113/12,該月總使用次數,13757,13756
平均每日使用次數及其族群分布,平均每日_臺東市區,114/01,該月總使用次數,10936,10935
平均每日使用次數及其族群分布,平均每日_臺東市區,114/03,該月總使用次數,12206,12205
平均每日使用次數及其族群分布,平均每日_臺東市區,114/06,該月總使用次數,15133,15131
平均每日使用次數及其族群分布,平均每日_臺東市區,114/07,該月總使用次數,12897,12893
平均每日使用次數及其族群分布,平均每日_臺東市區,114/09,該月總使用次數,12926,11829
平均每日使用次數及其族群分布,平均每日_臺東市區,114/10,該月總使用次數,15782,14427
平均每日使用次數及其族群分布,平均每日_花蓮公路,113/06,該月總使用次數,28472,28469
平均每日使用次數及其族群分布,平均每日_花蓮公路,113/07,該月總使用次數,26660,26657
平均每日使用次數及其族群分布,平均每日_花蓮公路,113/08,該月總使用次數,27650,27647
平均每日使用次數及其族群分布,平均每日_花蓮公路,113/11,該月總使用次數,34724,34721
平均每日使用次數及其族群分布,平均每日_花蓮公路,114/01,該月總使用次數,26085,26084
平均每日使用次數及其族群分布,平均每日_花蓮公路,114/04,該月總使用次數,32599,32598
平均每日使用次數及其族群分布,平均每日_花蓮公路,114/06,該月總使用次數,30017,30016
平均每日使用次數及其族群分布,平均每日_花蓮公路,114/07,該月總使用次數,28640,28639
平均每日使用次數及其族群分布,平均每日_花蓮公路,114/09,該月總使用次數,31191,31189
平均每日使用次數及其族群分布,平均每日_花蓮公路,114/10,該月總使用次數,32153,32151
