資料,卡號,票種次類型,路線,上車站,上車時間,下車站,下車時間,旗標,重複列
臺東市區,e683bc04,#TTT-299,市區循環,拖吊場,2025-09-01 07:00:00,拖吊場,2025-09-01 07:00:00,0,FALSE
臺東市區,e683bc04,#TTT-299,市區循環,拖吊場,2025-09-01 07:00:00,-99,1970-01-01 00:00:00,1,TRUE
臺東市區,e683bc04,#TTT-299,陸海空線,台東火車站,2025-09-01 17:00:00,台東火車站,2025-09-01 17:00:00,0,FALSE
臺東市區,e683bc04,#TTT-299,陸海空線,台東火車站,2025-09-01 17:00:00,-99,1970-01-01 00:00:00,1,TRUE
臺東市區,e683bc04,#TTT-299,市區循環,拖吊場,2025-09-02 07:00:00,拖吊場,2025-09-02 07:00:00,0,FALSE
臺東市區,e683bc04,#TTT-299,市區循環,拖吊場,2025-09-02 07:00:00,-99,1970-01-01 00:00:00,1,TRUE
臺東市區,e683bc04,#TTT-299,市區循環,拖吊場,2025-09-03 07:00:00,拖吊場,2025-09-03 07:00:00,0,FALSE
臺東市區,e683bc04,#TTT-299,市區循環,拖吊場,2025-09-03 07:00:00,-99,1970-01-01 00:00:00,1,TRUE
臺東市區,e683bc04,#TTT-299,市區循環,拖吊場,2025-09-04 07:00:00,台東高商,2025-09-04 08:00:00,0,FALSE
臺東市區,e683bc04,#TTT-299,市區循環,拖吊場,2025-09-04 07:00:00,-99,1970-01-01 00:00:00,1,TRUE
臺東市區,e683bc04,#TTT-299,陸海空線,台東火車站,2025-09-05 07:00:00,中央市場,2025-09-05 07:00:00,0,FALSE
臺東市區,e683bc04,#TTT-299,陸海空線,台東火車站,2025-09-05 07:00:00,-99,1970-01-01 00:00:00,1,TRUE
臺東市區,e683bc04,#TTT-299,陸海空線,台東火車站,2025-09-05 17:00:00,台東火車站,2025-09-05 17:00:00,0,FALSE
臺東市區,e683bc04,#TTT-299,陸海空線,台東火車站,2025-09-05 17:00:00,-99,1970-01-01 00:00:00,1,TRUE
臺東市區,e683bc04,#TTT-299,市區循環,拖吊場,2025-09-07 07:00:00,聖母醫院,2025-09-07 07:00:00,0,FALSE
臺東市區,e683bc04,#TTT-299,市區循環,拖吊場,2025-09-07 07:00:00,-99,1970-01-01 00:00:00,1,TRUE
臺東市區,e683bc04,#TTT-299,陸海空線,台東火車站,2025-09-07 15:00:00,台東火車站,2025-09-07 15:00:00,0,FALSE
臺東市區,e683bc04,#TTT-299,陸海空線,台東火車站,2025-09-07 15:00:00,-99,1970-01-01 00:00:00,1,TRUE
臺東市區,e683bc04,#TTT-299,市區循環,拖吊場,2025-09-08 07:00:00,拖吊場,2025-09-08 07:00:00,0,FALSE
臺東市區,e683bc04,#TTT-299,市區循環,拖吊場,2025-09-08 07:00:00,-99,1970-01-01 00:00:00,1,TRUE
臺東市區,e683bc04,#TTT-299,陸海空線,台東火車站,2025-09-08 17:00:00,台東火車站,2025-09-08 17:00:00,0,FALSE
臺東市區,e683bc04,#TTT-299,陸海空線,台東火車站,2025-09-08 17:00:00,-99,1970-01-01 00:00:00,1,TRUE
臺東市區,e683bc04,#TTT-299,市區循環,拖吊場,2025-09-09 07:00:00,拖吊場,2025-09-09 07:00:00,0,FALSE
臺東市區,e683bc04,#TTT-299,市區循環,拖吊場,2025-09-09 07:00:00,-99,1970-01-01 00:00:00,1,TRUE
臺東市區,e683bc04,#TTT-299,市區循環,拖吊場,2025-09-10 07:00:00,拖吊場,2025-09-10 07:00:00,0,FALSE
臺東市區,e683bc04,#TTT-299,市區循環,拖吊場,2025-09-10 07:00:00,-99,1970-01-01 00:00:00,1,TRUE
臺東市區,e683bc04,#TTT-299,市區循環,拖吊場,2025-09-12 07:00:00,拖吊場,2025-09-12 08:00:00,0,FALSE
臺東市區,e683bc04,#TTT-299,市區循環,拖吊場,2025-09-12 07:00:00,-99,1970-01-01 00:00:00,1,TRUE
臺東市區,e683bc04,#TTT-299,陸海空線,台東火車站,2025-09-12 17:00:00,台東火車站,2025-09-12 17:00:00,0,FALSE
臺東市區,e683bc04,#TTT-299,陸海空線,台東火車站,2025-09-12 17:00:00,-99,1970-01-01 00:00:00,1,TRUE
臺東市區,e683bc04,#TTT-299,市區循環,拖吊場,2025-09-14 07:00:00,聖母醫院,2025-09-14 07:00:00,0,FALSE
臺東市區,e683bc04,#TTT-299,市區循環,拖吊場,2025-09-14 07:00:00,-99,1970-01-01 00:00:00,1,TRUE
臺東市區,e683bc04,#TTT-299,市區循環,拖吊場,2025-09-15 07:00:00,聖母醫院,2025-09-15 08:00:00,0,FALSE
臺東市區,e683bc04,#TTT-299,市區循環,拖吊場,2025-09-15 07:00:00,-99,1970-01-01 00:00:00,1,TRUE
臺東市區,e683bc04,#TTT-299,陸海空線,台東火車站,2025-09-15 17:00:00,台東火車站,2025-09-15 17:00:00,0,FALSE
臺東市區,e683bc04,#TTT-299,陸海空線,台東火車站,2025-09-15 17:00:00,-99,1970-01-01 00:00:00,1,TRUE
臺東市區,e683bc04,#TTT-299,市區循環,拖吊場,2025-09-16 07:00:00,拖吊場,2025-09-16 07:00:00,0,FALSE
臺東市區,e683bc04,#TTT-299,市區循環,拖吊場,2025-09-16 07:00:00,-99,1970-01-01 00:00:00,1,TRUE
臺東市區,e683bc04,#TTT-299,陸海空線,台東火車站,2025-09-16 17:00:00,台東火車站,2025-09-16 17:00:00,0,FALSE
臺東市區,e683bc04,#TTT-299,陸海空線,台東火車站,2025-09-16 17:00:00,-99,1970-01-01 00:00:00,1,TRUE
臺東市區,e683bc04,#TTT-299,市區循環,拖吊場,2025-09-17 07:00:00,拖吊場,2025-09-17 07:00:00,0,FALSE
臺東市區,e683bc04,#TTT-299,市區循環,拖吊場,2025-09-17 07:00:00,-99,1970-01-01 00:00:00,1,TRUE
臺東市區,e683bc04,#TTT-299,陸海空線,台東火車站,2025-09-17 17:00:00,台東火車站,2025-09-17 17:00:00,0,FALSE
臺東市區,e683bc04,#TTT-299,陸海空線,台東火車站,2025-09-17 17:00:00,-99,1970-01-01 00:00:00,1,TRUE
臺東市區,e683bc04,#TTT-299,市區循環,拖吊場,2025-09-18 07:00:00,拖吊場,2025-09-18 07:00:00,0,FALSE
臺東市區,e683bc04,#TTT-299,市區循環,拖吊場,2025-09-18 07:00:00,-99,1970-01-01 00:00:00,1,TRUE
臺東市區,e683bc04,#TTT-299,陸海空線,台東火車站,2025-09-18 17:00:00,台東火車站,2025-09-18 17:00:00,0,FALSE
臺東市區,e683bc04,#TTT-299,陸海空線,台東火車站,2025-09-18 17:00:00,-99,1970-01-01 00:00:00,1,TRUE
臺東市區,e683bc04,#TTT-299,市區循環,拖吊場,2025-09-19 07:00:00,拖吊場,2025-09-19 07:00:00,0,FALSE
臺東市區,e683bc04,#TTT-299,市區循環,拖吊場,2025-09-19 07:00:00,-99,1970-01-01 00:00:00,1,TRUE
臺東市區,e683bc04,#TTT-299,陸海空線,台東火車站,2025-09-19 17:00:00,台東火車站,2025-09-19 17:00:00,0,FALSE
臺東市區,e683bc04,#TTT-299,陸海空線,台東火車站,2025-09-19 17:00:00,-99,1970-01-01 00:00:00,1,TRUE
臺東市區,e683bc04,#TTT-299,市區循環,拖吊場,2025-09-21 07:00:00,聖母醫院,2025-09-21 07:00:00,0,FALSE
臺東市區,e683bc04,#TTT-299,市區循環,拖吊場,2025-09-21 07:00:00,-99,1970-01-01 00:00:00,1,TRUE
臺東市區,e683bc04,#TTT-299,市區循環,台東火車站,2025-09-21 16:00:00,台東火車站,2025-09-21 16:00:00,0,FALSE
臺東市區,e683bc04,#TTT-299,市區循環,台東火車站,2025-09-21 16:00:00,-99,1970-01-01 00:00:00,1,TRUE
臺東市區,e683bc04,#TTT-299,市區循環,拖吊場,2025-09-22 07:00:00,拖吊場,2025-09-22 07:00:00,0,FALSE
臺東市區,e683bc04,#TTT-299,市區循環,拖吊場,2025-09-22 07:00:00,-99,1970-01-01 00:00:00,1,TRUE
臺東市區,e683bc04,#TTT-299,市區循環,拖吊場,2025-09-24 07:00:00,拖吊場,2025-09-24 07:00:00,0,FALSE
臺東市區,e683bc04,#TTT-299,市區循環,拖吊場,2025-09-24 07:00:00,-99,1970-01-01 00:00:00,1,TRUE
臺東市區,e683bc04,#TTT-299,陸海空線,台東火車站,2025-09-25 17:00:00,台東火車站,2025-09-25 17:00:00,0,FALSE
臺東市區,e683bc04,#TTT-299,陸海空線,台東火車站,2025-09-25 17:00:00,-99,1970-01-01 00:00:00,1,TRUE
臺東市區,e683bc04,#TTT-299,市區循環,拖吊場,2025-09-26 07:00:00,聖母醫院,2025-09-26 07:00:00,0,FALSE
臺東市區,e683bc04,#TTT-299,市區循環,拖吊場,2025-09-26 07:00:00,-99,1970-01-01 00:00:00,1,TRUE
臺東市區,e683bc04,#TTT-299,陸海空線,台東火車站,2025-09-26 17:00:00,台東火車站,2025-09-26 17:00:00,0,FALSE
臺東市區,e683bc04,#TTT-299,陸海空線,台東火車站,2025-09-26 17:00:00,-99,1970-01-01 00:00:00,1,TRUE
臺東市區,e683bc04,#TTT-299,市區循環,台東火車站,2025-09-27 13:00:00,台東火車站,2025-09-27 14:00:00,0,FALSE
臺東市區,e683bc04,#TTT-299,市區循環,台東火車站,2025-09-27 13:00:00,-99,1970-01-01 00:00:00,1,TRUE
臺東市區,e683bc04,#TTT-299,陸海空線,台東火車站,2025-09-27 17:00:00,台東火車站,2025-09-27 17:00:00,0,FALSE
臺東市區,e683bc04,#TTT-299,陸海空線,台東火車站,2025-09-27 17:00:00,-99,1970-01-01 00:00:00,1,TRUE
臺東市區,e683bc04,#TTT-299,市區循環,拖吊場,2025-09-29 07:00:00,拖吊場,2025-09-29 07:00:00,0,FALSE
臺東市區,e683bc04,#TTT-299,市區循環,拖吊場,2025-09-29 07:00:00,-99,1970-01-01 00:00:00,1,TRUE
臺東市區,e683bc04,#TTT-299,市區循環,拖吊場,2025-09-30 07:00:00,台東高商,2025-09-30 07:00:00,0,FALSE
臺東市區,e683bc04,#TTT-299,市區循環,拖吊場,2025-09-30 07:00:00,-99,1970-01-01 00:00:00,1,TRUE
臺東市區,e683bc04,#TTT-299,陸海空線,台東火車站,2025-09-30 17:00:00,台東火車站,2025-09-30 17:00:00,0,FALSE
臺東市區,e683bc04,#TTT-299,陸海空線,台東火車站,2025-09-30 17:00:00,-99,1970-01-01 00:00:00,1,TRUE
臺東市區,f928ea55,#TTT-299,市區循環,拖吊場,2025-09-01 17:00:00,拖吊場,2025-09-01 18:00:00,0,FALSE
臺東市區,f928ea55,#TTT-299,市區循環,拖吊場,2025-09-01 17:00:00,-99,1970-01-01 00:00:00,1,TRUE
臺東市區,f928ea55,#TTT-299,市區循環,拖吊場,2025-09-01 18:00:00,開封長安街口,2025-09-01 18:00:00,0,FALSE
臺東市區,f928ea55,#TTT-299,市區循環,拖吊場,2025-09-01 18:00:00,-99,1970-01-01 00:00:00,1,TRUE
臺東市區,f928ea55,#TTT-299,市區循環,台東火車站,2025-09-02 06:00:00,台東火車站,2025-09-02 07:00:00,0,FALSE
臺東市區,f928ea55,#TTT-299,市區循環,台東火車站,2025-09-02 06:00:00,-99,1970-01-01 00:00:00,1,TRUE
臺東市區,f928ea55,#TTT-299,陸海空線,台東火車站,2025-09-02 16:00:00,台東火車站,2025-09-02 16:00:00,0,FALSE
臺東市區,f928ea55,#TTT-299,陸海空線,台東火車站,2025-09-02 16:00:00,-99,1970-01-01 00:00:00,1,TRUE
臺東市區,f928ea55,#TTT-299,市區循環,台東火車站,2025-09-03 06:00:00,台東火車站,2025-09-03 07:00:00,0,FALSE
臺東市區,f928ea55,#TTT-299,市區循環,台東火車站,2025-09-03 06:00:00,-99,1970-01-01 00:00:00,1,TRUE
臺東市區,f928ea55,#TTT-299,市區循環,台東火車站,2025-09-03 16:00:00,台東轉運站,2025-09-03 16:00:00,0,FALSE
臺東市區,f928ea55,#TTT-299,市區循環,台東火車站,2025-09-03 16:00:00,-99,1970-01-01 00:00:00,1,TRUE
臺東市區,f928ea55,#TTT-299,市區循環,台東火車站,2025-09-04 06:00:00,台東火車站,2025-09-04 07:00:00,0,FALSE
臺東市區,f928ea55,#TTT-299,市區循環,台東火車站,2025-09-04 06:00:00,-99,1970-01-01 00:00:00,1,TRUE
臺東市區,f928ea55,#TTT-299,市區循環,台東火車站,2025-09-04 16:00:00,台東火車站,2025-09-04 16:00:00,0,FALSE
臺東市區,f928ea55,#TTT-299,市區循環,台東火車站,2025-09-04 16:00:00,-99,1970-01-01 00:00:00,1,TRUE
臺東市區,f928ea55,#TTT-299,市區循環,台東火車站,2025-09-05 06:00:00,台東火車站,2025-09-05 07:00:00,0,FALSE
臺東市區,f928ea55,#TTT-299,市區循環,台東火車站,2025-09-05 06:00:00,-99,1970-01-01 00:00:00,1,TRUE
臺東市區,f928ea55,#TTT-299,市區循環,拖吊場,2025-09-05 16:00:00,台東火車站,2025-09-05 17:00:00,0,FALSE
臺東市區,f928ea55,#TTT-299,市區循環,台東火車站,2025-09-05 16:00:00,台東火車站,2025-09-05 16:00:00,0,FALSE
臺東市區,f928ea55,#TTT-299,市區循環,台東火車站,2025-09-05 16:00:00,-99,1970-01-01 00:00:00,1,TRUE
臺東市區,f928ea55,#TTT-299,市區循環,拖吊場,2025-09-05 16:00:00,-99,1970-01-01 00:00:00,1,FALSE
臺東市區,f928ea55,#TTT-299,市區循環,台東火車站,2025-09-08 06:00:00,台東火車站,2025-09-08 07:00:00,0,FALSE
臺東市區,f928ea55,#TTT-299,市區循環,台東火車站,2025-09-08 06:00:00,-99,1970-01-01 00:00:00,1,TRUE
臺東市區,f928ea55,#TTT-299,市區循環,台東火車站,2025-09-08 16:00:00,台東火車站,2025-09-08 16:00:00,0,FALSE
臺東市區,f928ea55,#TTT-299,市區循環,台東火車站,2025-09-08 16:00:00,-99,1970-01-01 00:00:00,1,TRUE
臺東市區,f928ea55,#TTT-299,市區循環,台東火車站,2025-09-09 06:00:00,台東火車站,2025-09-09 07:00:00,0,FALSE
臺東市區,f928ea55,#TTT-299,市區循環,台東火車站,2025-09-09 06:00:00,-99,1970-01-01 00:00:00,1,TRUE
臺東市區,f928ea55,#TTT-299,市區循環,台東火車站,2025-09-09 16:00:00,拖吊場,2025-09-09 17:00:00,0,FALSE
臺東市區,f928ea55,#TTT-299,市區循環,台東火車站,2025-09-09 16:00:00,-99,1970-01-01 00:00:00,1,TRUE
臺東市區,f928ea55,#TTT-299,市區循環,台東火車站,2025-09-10 06:00:00,台東火車站,2025-09-10 07:00:00,0,FALSE
臺東市區,f928ea55,#TTT-299,市區循環,台東火車站,2025-09-10 06:00:00,-99,1970-01-01 00:00:00,1,TRUE
臺東市區,f928ea55,#TTT-299,陸海空線,台東火車站,2025-09-10 16:00:00,台東森林公園,2025-09-10 16:00:00,0,FALSE
臺東市區,f928ea55,#TTT-299,市區循環,台東火車站,2025-09-10 16:00:00,棒球場,2025-09-10 16:00:00,0,FALSE
臺東市區,f928ea55,#TTT-299,市區循環,台東火車站,2025-09-10 16:00:00,-99,1970-01-01 00:00:00,1,TRUE
臺東市區,f928ea55,#TTT-299,陸海空線,台東火車站,2025-09-10 16:00:00,-99,1970-01-01 00:00:00,1,TRUE
臺東市區,f928ea55,#TTT-299,市區循環,台東火車站,2025-09-11 07:00:00,台東火車站,2025-09-11 07:00:00,0,FALSE
臺東市區,f928ea55,#TTT-299,市區循環,台東火車站,2025-09-11 07:00:00,-99,1970-01-01 00:00:00,1,TRUE
臺東市區,f928ea55,#TTT-299,市區循環,台東火車站,2025-09-11 16:00:00,拖吊場,2025-09-11 16:00:00,0,FALSE
臺東市區,f928ea55,#TTT-299,市區循環,台東火車站,2025-09-11 16:00:00,-99,1970-01-01 00:00:00,1,TRUE
臺東市區,f928ea55,#TTT-299,市區循環,台東火車站,2025-09-12 06:00:00,台東火車站,2025-09-12 07:00:00,0,FALSE
臺東市區,f928ea55,#TTT-299,市區循環,台東火車站,2025-09-12 06:00:00,-99,1970-01-01 00:00:00,1,TRUE
臺東市區,f928ea55,#TTT-299,市區循環,台東火車站,2025-09-12 16:00:00,拖吊場,2025-09-12 17:00:00,0,FALSE
臺東市區,f928ea55,#TTT-299,市區循環,台東火車站,2025-09-12 16:00:00,-99,1970-01-01 00:00:00,1,TRUE
臺東市區,f928ea55,#TTT-299,市區循環,台東火車站,2025-09-12 17:00:00,拖吊場,2025-09-12 17:00:00,0,FALSE
臺東市區,f928ea55,#TTT-299,市區循環,台東火車站,2025-09-12 17:00:00,-99,1970-01-01 00:00:00,1,TRUE
臺東市區,f928ea55,#TTT-299,市區循環,東方大鎮,2025-09-13 11:00:00,台東轉運站,2025-09-13 12:00:00,0,FALSE
臺東市區,f928ea55,#TTT-299,市區循環,東方大鎮,2025-09-13 11:00:00,-99,1970-01-01 00:00:00,1,FALSE
臺東市區,f928ea55,#TTT-299,市區循環,台東火車站,2025-09-13 14:00:00,拖吊場,2025-09-13 14:00:00,0,FALSE
臺東市區,f928ea55,#TTT-299,市區循環,拖吊場,2025-09-13 14:00:00,台東火車站,2025-09-13 15:00:00,0,FALSE
臺東市區,f928ea55,#TTT-299,市區循環,拖吊場,2025-09-13 14:00:00,-99,1970-01-01 00:00:00,1,FALSE
臺東市區,f928ea55,#TTT-299,市區循環,台東火車站,2025-09-13 14:00:00,-99,1970-01-01 00:00:00,1,TRUE
臺東市區,f928ea55,#TTT-299,陸海空線,富岡港口,2025-09-13 15:00:00,台東火車站,2025-09-13 16:00:00,0,FALSE
臺東市區,f928ea55,#TTT-299,陸海空線,台東火車站,2025-09-13 15:00:00,富岡港口,2025-09-13 15:00:00,0,FALSE
臺東市區,f928ea55,#TTT-299,陸海空線,台東火車站,2025-09-13 15:00:00,-99,1970-01-01 00:00:00,1,TRUE
臺東市區,f928ea55,#TTT-299,陸海空線,富岡港口,2025-09-13 15:00:00,-99,1970-01-01 00:00:00,1,TRUE
臺東市區,f928ea55,#TTT-299,市區循環,拖吊場,2025-09-13 16:00:00,台東火車站,2025-09-13 17:00:00,0,FALSE
臺東市區,f928ea55,#TTT-299,市區循環,拖吊場,2025-09-13 16:00:00,-99,1970-01-01 00:00:00,1,FALSE
臺東市區,f928ea55,#TTT-299,市區循環,台東火車站,2025-09-13 17:00:00,台東火車站,2025-09-13 17:00:00,0,FALSE
臺東市區,f928ea55,#TTT-299,市區循環,台東火車站,2025-09-13 17:00:00,-99,1970-01-01 00:00:00,1,TRUE
臺東市區,f928ea55,#TTT-299,市區循環,台東轉運站,2025-09-13 18:00:00,卑南入口,2025-09-13 18:00:00,0,FALSE
臺東市區,f928ea55,#TTT-299,陸海空線,台東火車站,2025-09-13 18:00:00,中央市場,2025-09-13 18:00:00,0,FALSE
臺東市區,f928ea55,#TTT-299,陸海空線,台東火車站,2025-09-13 18:00:00,-99,1970-01-01 00:00:00,1,TRUE
臺東市區,f928ea55,#TTT-299,市區循環,台東轉運站,2025-09-13 18:00:00,-99,1970-01-01 00:00:00,1,TRUE
臺東市區,f928ea55,#TTT-299,市區循環,台東火車站,2025-09-13 18:00:00,-99,1970-01-01 00:00:00,1,FALSE
臺東市區,f928ea55,#TTT-299,市區循環,海濱公園,2025-09-13 19:00:00,棒球場,2025-09-13 19:00:00,0,FALSE
臺東市區,f928ea55,#TTT-299,陸海空線,台東火車站,2025-09-13 19:00:00,台東火車站,2025-09-13 19:00:00,0,FALSE
臺東市區,f928ea55,#TTT-299,陸海空線,台東火車站,2025-09-13 19:00:00,-99,1970-01-01 00:00:00,1,TRUE
臺東市區,f928ea55,#TTT-299,市區循環,海濱公園,2025-09-13 19:00:00,-99,1970-01-01 00:00:00,1,TRUE
臺東市區,f928ea55,#TTT-299,陸海空線,台東火車站,2025-09-13 20:00:00,台東火車站,2025-09-13 20:00:00,0,FALSE
臺東市區,f928ea55,#TTT-299,陸海空線,台東火車站,2025-09-13 20:00:00,-99,1970-01-01 00:00:00,1,TRUE
臺東市區,f928ea55,#TTT-299,市區循環,拖吊場,2025-09-14 11:00:00,台東火車站,2025-09-14 12:00:00,0,FALSE
臺東市區,f928ea55,#TTT-299,市區循環,拖吊場,2025-09-14 11:00:00,-99,1970-01-01 00:00:00,1,FALSE
臺東市區,f928ea55,#TTT-299,市區循環,台東火車站,2025-09-15 06:00:00,台東火車站,2025-09-15 07:00:00,0,FALSE
臺東市區,f928ea55,#TTT-299,市區循環,台東火車站,2025-09-15 06:00:00,-99,1970-01-01 00:00:00,1,TRUE
臺東市區,f928ea55,#TTT-299,陸海空線,台東火車站,2025-09-15 17:00:00,中央市場,2025-09-15 17:00:00,0,FALSE
臺東市區,f928ea55,#TTT-299,陸海空線,台東火車站,2025-09-15 17:00:00,-99,1970-01-01 00:00:00,1,TRUE
臺東市區,f928ea55,#TTT-299,市區循環,台東火車站,2025-09-16 06:00:00,台東火車站,2025-09-16 07:00:00,0,FALSE
臺東市區,f928ea55,#TTT-299,市區循環,台東火車站,2025-09-16 06:00:00,-99,1970-01-01 00:00:00,1,TRUE
臺東市區,f928ea55,#TTT-299,陸海空線,台東火車站,2025-09-16 16:00:00,台東火車站,2025-09-16 17:00:00,0,FALSE
臺東市區,f928ea55,#TTT-299,陸海空線,台東火車站,2025-09-16 16:00:00,-99,1970-01-01 00:00:00,1,TRUE
臺東市區,f928ea55,#TTT-299,陸海空線,台東火車站,2025-09-16 17:00:00,台東火車站,2025-09-16 17:00:00,0,FALSE
臺東市區,f928ea55,#TTT-299,陸海空線,台東火車站,2025-09-16 17:00:00,-99,1970-01-01 00:00:00,1,TRUE
臺東市區,f928ea55,#TTT-299,市區循環,台東火車站,2025-09-17 06:00:00,台東火車站,2025-09-17 07:00:00,0,FALSE
臺東市區,f928ea55,#TTT-299,市區循環,台東火車站,2025-09-17 06:00:00,-99,1970-01-01 00:00:00,1,TRUE
臺東市區,f928ea55,#TTT-299,市區循環,台東火車站,2025-09-17 17:00:00,台東火車站,2025-09-17 17:00:00,0,FALSE
臺東市區,f928ea55,#TTT-299,市區循環,台東火車站,2025-09-17 17:00:00,-99,1970-01-01 00:00:00,1,TRUE
臺東市區,f928ea55,#TTT-299,市區循環,台東火車站,2025-09-18 06:00:00,台東火車站,2025-09-18 07:00:00,0,FALSE
臺東市區,f928ea55,#TTT-299,市區循環,台東火車站,2025-09-18 06:00:00,-99,1970-01-01 00:00:00,1,TRUE
臺東市區,f928ea55,#TTT-299,陸海空線,台東火車站,2025-09-18 17:00:00,台東火車站,2025-09-18 17:00:00,0,FALSE
臺東市區,f928ea55,#TTT-299,陸海空線,台東火車站,2025-09-18 17:00:00,-99,1970-01-01 00:00:00,1,TRUE
臺東市區,f928ea55,#TTT-299,市區循環,台東火車站,2025-09-19 06:00:00,台東火車站,2025-09-19 07:00:00,0,FALSE
臺東市區,f928ea55,#TTT-299,市區循環,台東火車站,2025-09-19 06:00:00,-99,1970-01-01 00:00:00,1,TRUE
臺東市區,f928ea55,#TTT-299,市區循環,台東火車站,2025-09-19 17:00:00,拖吊場,2025-09-19 18:00:00,0,FALSE
臺東市區,f928ea55,#TTT-299,市區循環,台東火車站,2025-09-19 17:00:00,-99,1970-01-01 00:00:00,1,TRUE
臺東市區,f928ea55,#TTT-299,市區循環,台東火車站,2025-09-30 06:00:00,台東火車站,2025-09-30 07:00:00,0,FALSE
臺東市區,f928ea55,#TTT-299,市區循環,台東火車站,2025-09-30 06:00:00,-99,1970-01-01 00:00:00,1,TRUE
臺東市區,f928ea55,#TTT-299,陸海空線,台東火車站,2025-09-30 16:00:00,台東火車站,2025-09-30 17:00:00,0,FALSE
臺東市區,f928ea55,#TTT-299,陸海空線,台東火車站,2025-09-30 16:00:00,-99,1970-01-01 00:00:00,1,TRUE
花蓮市區,a53edfdb,#HUA-199,301,明義國小,2025-09-01 09:00:00,圖書館資訊大樓,2025-09-01 10:00:00,0,FALSE
花蓮市區,a53edfdb,#HUA-199,301,明義國小,2025-09-01 09:00:00,-99,1970-01-01 00:00:00,1,TRUE
花蓮市區,a53edfdb,#HUA-199,301,圖書館資訊大樓,2025-09-01 17:00:00,明義國小,2025-09-01 17:00:00,0,FALSE
花蓮市區,f0303330,#HUA-199,301,遠東百貨,2025-09-01 16:00:00,東華大學,2025-09-01 17:00:00,0,FALSE
花蓮市區,f0303330,#HUA-199,301,遠東百貨,2025-09-01 16:00:00,-99,1970-01-01 00:00:00,1,TRUE
