資料集,月份,圖片標示,里程_A,里程_B,里程_C,里程_D,里程_D2,里程_E,人次_A,人次_B,人次_C,人次_D,人次_D2,人次_E
花蓮公路,113/06,22.4,22.44,22.44,22.31,22.31,22.31,23.44,18399,18399,18515,18515,18515,20148
花蓮公路,113/07,23.6,23.57,23.57,23.4,23.4,23.4,24.81,16078,16078,16200,16200,16200,17815
花蓮公路,113/08,23.4,23.41,23.41,23.28,23.28,23.28,24.36,19194,19194,19311,19311,19311,21281
花蓮公路,113/09,21.7,21.72,21.72,21.6,21.6,21.6,22.65,25295,25295,25450,25450,25450,27316
花蓮公路,113/10,21.1,21.06,21.06,20.91,20.91,20.91,21.89,24061,24061,24256,24256,24256,26316
花蓮公路,113/11,20.7,20.74,20.74,20.64,20.64,20.64,21.76,28609,28609,28769,28769,28769,31473
花蓮公路,113/12,21.7,21.68,21.68,21.59,21.59,21.59,22.66,28255,28255,28374,28374,28374,30475
花蓮公路,114/01,22.6,22.65,22.65,22.48,22.48,22.48,23.86,23071,23071,23246,23246,23246,25166
花蓮公路,114/02,22.5,22.45,22.45,22.38,22.38,22.38,23.35,23136,23136,23214,23214,23214,24705
花蓮公路,114/03,21.5,21.51,21.51,21.43,21.43,21.43,22.46,29277,29277,29403,29403,29403,31259
花蓮公路,114/04,21.6,21.58,21.58,21.49,21.49,21.49,22.79,29316,29316,29451,29451,29451,31398
花蓮公路,114/05,21.4,21.42,21.42,21.34,21.34,21.34,22.41,29086,29086,29216,29216,29216,30858
花蓮公路,114/06,22.3,22.31,22.31,22.17,22.17,22.17,23.19,27134,27134,27317,27317,27317,29024
花蓮公路,114/07,23.3,23.26,23.26,23.17,23.17,23.17,24.46,25499,25499,25612,25612,25612,27565
花蓮公路,114/08,23.3,23.26,23.26,23.13,23.13,23.13,24.33,26132,26132,26279,26279,26279,28361
花蓮公路,114/09,21,20.96,20.96,20.87,20.87,20.87,22.1,28202,28202,28328,28328,28328,30017
花蓮公路,114/10,20.8,20.81,20.81,20.7,20.7,20.7,22.12,29712,29712,29874,29874,29874,31643
花蓮公路,114/11,20.6,20.62,20.62,20.56,20.56,20.56,21.93,24608,24608,24700,24700,24700,26103
花蓮公路,114/12,21,20.99,20.99,20.92,20.92,20.92,22.14,29771,29771,29879,29879,29879,31444
花蓮公路,115/01,20.6,20.64,20.64,20.57,20.57,20.57,21.62,26287,26287,26393,26393,26393,27594
花蓮公路,115/02,23,22.95,22.95,22.86,22.86,22.86,24.38,22764,22764,22855,22855,22855,24146
花蓮公路,115/03,20.2,20.2,20.2,20.12,20.12,20.12,21.2,32468,32468,32623,32623,32623,34104
花蓮公路,115/04,21.1,21.15,21.15,21.05,21.05,21.05,22.15,32360,32360,32541,32541,32541,34305
花蓮公路,115/05,20.5,20.47,20.47,20.4,20.4,20.4,21.41,31338,31338,31480,31480,31480,33146
花蓮公路,115/06,21.2,21.19,21.19,21.1,21.1,21.1,22.17,27505,27505,27637,27637,27637,29272
臺東公路,113/06,23.2,23.22,23.22,24.57,24.57,24.47,24.57,61912,61912,63051,63051,63051,67983
臺東公路,113/07,25.4,25.36,25.36,27.62,27.62,27.29,27.09,52343,52343,54338,54338,54338,57081
臺東公路,113/08,26.3,26.25,26.25,30.02,30.02,29.62,29.27,61569,61569,65749,65749,65749,69374
臺東公路,113/09,23.4,23.42,23.42,26.5,26.5,26.05,25.68,76046,76046,79483,79483,79483,84645
臺東公路,113/10,23.2,23.15,23.15,25.5,25.5,25.08,24.71,69706,69706,71739,71739,71739,76221
臺東公路,113/11,22.9,22.89,22.89,25.29,25.29,24.94,24.48,80723,80723,83191,83191,83191,89518
臺東公路,113/12,22.5,22.45,22.45,25.07,25.07,24.5,24.1,83818,83818,86199,86199,86199,91676
臺東公路,114/01,23.5,23.48,23.48,24.81,24.81,24.6,24.44,65259,65259,66332,66332,66332,70026
臺東公路,114/02,23,23.01,23.01,24.6,24.6,24.33,23.95,61565,61565,62757,62757,62757,66658
臺東公路,114/03,22.2,22.19,22.19,23.87,23.87,23.51,23.24,78087,78087,79487,79487,79487,84242
臺東公路,114/04,22.1,22.13,22.13,23.91,23.91,23.45,23.3,75641,75641,76871,76871,76871,81587
臺東公路,114/05,22.3,22.29,22.29,23.81,23.81,23.47,23.31,75330,75330,76396,76396,76396,80446
臺東公路,114/06,23.2,23.15,23.15,24.96,24.96,24.73,24.61,69391,69391,71543,71543,71543,75769
臺東公路,114/07,24.8,24.83,24.83,26.35,26.35,26.07,26.29,54172,54172,55668,55668,55668,58781
臺東公路,114/08,25.5,25.53,25.53,27.53,27.53,27.25,27.23,55976,55976,57551,57551,57551,61231
臺東公路,114/09,22.1,22.13,22.13,23.3,23.3,23.14,23.4,73788,73788,75185,75185,75185,78193
臺東公路,114/10,22.1,22.15,22.15,23.62,23.62,23.45,23.89,83160,83160,85258,85258,85258,87657
臺東公路,114/11,29.1,29.14,29.14,31.7,31.7,31.41,31.81,32594,32594,33663,33663,33663,35571
臺東公路,114/12,21.4,21.43,21.43,22.18,22.18,22.05,22.47,85501,85501,86517,86517,86517,88482
臺東公路,115/01,21.3,21.26,21.26,21.61,21.61,21.49,21.91,68381,68381,68940,68940,68940,70523
臺東公路,115/02,23.3,23.35,23.35,23.67,23.67,23.55,24.19,54759,54759,55152,55152,55152,56672
臺東公路,115/03,21.2,21.15,21.15,21.49,21.49,21.31,21.75,79660,79660,80286,80286,80286,81699
臺東公路,115/04,21.5,21.5,21.5,21.9,21.9,21.79,22.24,79404,79404,80099,80099,80099,81709
臺東公路,115/05,21.8,21.81,21.81,22.13,22.13,22.03,22.43,75605,75605,76148,76148,76148,77631
臺東公路,115/06,22.1,22.08,22.08,22.27,22.27,22.16,22.51,72351,72351,72768,72768,72768,74525
花蓮市區,113/06,16.3,16.33,16.33,17.28,17.28,17.83,17.63,20511,20511,21892,21892,21892,22197
花蓮市區,113/07,16.3,16.28,16.28,16.76,16.76,16.91,16.73,17327,17327,17797,17797,17797,18079
花蓮市區,113/08,16.6,16.58,16.58,18.43,18.43,18.19,18,21371,21371,22647,22647,22647,23016
花蓮市區,113/09,16.1,16.08,16.08,18.16,18.16,17.65,17.53,30454,30454,31789,31789,31789,32143
花蓮市區,113/10,16.3,16.31,16.31,17.96,17.96,17.57,17.5,28671,28671,29723,29723,29723,29931
花蓮市區,113/11,14.2,14.19,14.19,15.54,15.54,15.25,15.19,33665,33665,34726,34726,34726,34939
花蓮市區,113/12,15.1,15.06,15.06,16.54,16.54,16.17,16.15,37517,37517,38867,38867,38867,38965
花蓮市區,114/01,12.6,12.58,12.58,13.47,13.47,13.27,13.26,20743,20743,21266,21266,21266,21296
花蓮市區,114/02,12.8,12.81,12.81,13.71,13.71,13.53,13.52,21366,21366,21788,21788,21788,21811
花蓮市區,114/03,12.7,12.72,12.72,13.41,13.41,13.25,13.22,28320,28320,28781,28781,28781,28899
花蓮市區,114/04,12.8,12.78,12.78,13.46,13.46,13.28,13.22,28307,28307,28758,28758,28758,28999
花蓮市區,114/05,12.1,12.06,12.06,12.03,12.03,12.02,11.97,27434,27434,27522,27522,27522,27762
花蓮市區,114/06,12.7,12.74,12.74,13.65,13.65,13.43,13.37,25279,25279,25776,25776,25776,26039
花蓮市區,114/07,12,11.96,11.96,12.8,12.8,12.62,12.6,19831,19831,20235,20235,20235,20312
花蓮市區,114/08,12.5,12.51,12.51,13.49,13.49,13.24,13.2,20612,20612,21141,21141,21141,21256
花蓮市區,114/09,12.8,12.77,12.77,13.52,13.52,13.33,13.3,29659,29659,30177,30177,30177,30293
花蓮市區,114/10,12.6,12.61,12.61,13.28,13.28,13.12,13.1,30225,30225,30677,30677,30677,30787
花蓮市區,114/11,11.4,11.44,11.44,11.75,11.75,11.77,11.72,25590,25590,25930,25930,25930,26222
花蓮市區,114/12,11.5,11.5,11.5,11.79,11.79,11.78,11.73,28534,28534,28890,28890,28890,29145
花蓮市區,115/01,10.8,10.81,10.81,11.01,11.01,11.01,11,21038,21038,21217,21217,21217,21223
花蓮市區,115/02,11.1,11.13,11.13,11.2,11.2,11.2,11.2,18488,18488,18642,18642,18642,18645
花蓮市區,115/03,11.7,11.67,11.67,11.65,11.65,11.64,11.64,28160,28160,28760,28760,28760,28760
花蓮市區,115/04,11.5,11.47,11.47,11.41,11.41,11.4,11.4,13580,13580,14121,14121,14121,14121
花蓮市區,115/05,9.2,9.25,9.25,9.47,9.47,9.47,9.47,7720,7720,8336,8336,8336,8336
花蓮市區,115/06,8.1,8.12,8.12,8.4,8.4,8.4,8.4,6371,6371,6904,6904,6904,6904
臺東市區,113/06,8.1,8.08,8.08,7.99,7.99,7.79,7.67,10257,10257,11431,11431,11431,11390
臺東市區,113/07,8.1,8.14,8.14,8.2,8.2,8.05,7.97,10411,10411,11334,11334,11334,11343
臺東市區,113/08,8.2,8.23,8.23,8.29,8.29,8.1,8.04,13275,13275,14487,14487,14487,14507
臺東市區,113/09,7.9,7.93,7.93,7.71,7.71,7.54,7.48,12167,12167,13907,13907,13907,13915
臺東市區,113/10,7.8,7.82,7.82,7.68,7.68,7.44,7.39,11386,11386,12985,12985,12985,12989
臺東市區,113/11,7.4,7.4,7.4,7.31,7.31,7.05,6.99,13317,13317,15455,15455,15455,15459
臺東市區,113/12,7.3,7.31,7.31,7.02,7.02,6.84,6.54,10523,10523,12711,12711,12711,13546
臺東市區,114/01,7.2,7.19,7.19,7,7,6.88,6.65,8812,8812,10383,10383,10383,10807
臺東市區,114/02,7.4,7.41,7.41,7.25,7.25,7.02,6.77,7970,7970,9501,9501,9501,9960
臺東市區,114/03,7.6,7.64,7.64,7.19,7.19,6.98,6.67,9280,9280,11278,11278,11278,12037
臺東市區,114/04,8,7.98,7.98,7.69,7.69,7.45,7.17,11583,11583,13415,13415,13415,14114
臺東市區,114/05,8,7.96,7.96,7.63,7.63,7.5,7.25,11998,11998,14045,14045,14045,14615
臺東市區,114/06,8.1,8.11,8.11,7.76,7.76,7.6,7.42,12376,12376,14582,14582,14582,14883
臺東市區,114/07,8,8.01,8.01,7.9,7.9,7.76,7.69,11204,11204,12621,12621,12621,12627
臺東市區,114/08,8.2,8.15,8.15,8.14,8.14,7.95,7.89,12800,12800,14034,14034,14034,14053
臺東市區,114/09,8,7.97,7.97,7.71,7.71,7.53,7.4,9659,9659,11069,11069,11069,11218
臺東市區,114/10,8,7.96,7.96,7.68,7.68,7.49,7.29,11472,11472,13411,13411,13411,13730
臺東市區,114/11,7.6,7.55,7.55,7.36,7.36,7.36,7.36,11150,11150,11433,11433,11433,11433
臺東市區,114/12,7.2,7.24,7.24,7.07,7.07,7.07,7.07,12962,12962,13272,13272,13272,13272
臺東市區,115/01,7.3,7.29,7.29,7.06,7.06,7.06,7.06,11055,11055,11423,11423,11423,11423
臺東市區,115/02,7.6,7.58,7.58,7.45,7.45,7.45,7.45,10304,10304,10483,10483,10483,10483
臺東市區,115/03,7.5,7.5,7.5,7.3,7.3,7.3,7.3,11742,11742,12073,12073,12073,12073
臺東市區,115/04,7.9,7.93,7.93,7.73,7.73,7.73,7.73,12328,12328,12648,12648,12648,12648
臺東市區,115/05,7.9,7.85,7.85,7.67,7.67,7.67,7.67,15752,15752,16134,16134,16134,16134
臺東市區,115/06,7.9,7.92,7.92,7.69,7.69,7.69,7.69,13127,13127,13533,13533,13533,13533
