資料集,搭乘路線名稱,搭乘附屬路線名稱,人次,獨立腳本,整併版
花蓮市區,1123,1123,11866,FALSE,TRUE
臺東市區,284,284,28245,FALSE,TRUE
臺東市區,262區,262區,24890,FALSE,TRUE
臺東市區,652,652,24107,FALSE,TRUE
臺東市區,235,235,23582,FALSE,TRUE
臺東市區,敦化幹線,敦化幹線,22076,FALSE,TRUE
臺東市區,307,307莒光往撫遠街,21385,FALSE,TRUE
臺東市區,307,307莒光往板橋前站,21094,FALSE,TRUE
臺東市區,基隆路幹線,基隆路幹線,20290,FALSE,TRUE
臺東市區,292,292,20195,FALSE,TRUE
臺東市區,重慶幹線,重慶幹線,19983,FALSE,TRUE
臺東市區,14,14,19719,FALSE,TRUE
臺東市區,民權幹線,民權幹線,19107,FALSE,TRUE
臺東市區,信義幹線,信義幹線,18137,FALSE,TRUE
臺東市區,306區,306區,17874,FALSE,TRUE
臺東市區,民生幹線,民生幹線,17742,FALSE,TRUE
臺東市區,226,226,17437,FALSE,TRUE
臺東市區,南京幹線,南京幹線,17317,FALSE,TRUE
臺東市區,內湖幹線,內湖幹線,17138,FALSE,TRUE
臺東市區,39,39,15657,FALSE,TRUE
臺東市區,643,643,14568,FALSE,TRUE
臺東市區,265夜,265夜間公車,14309,FALSE,TRUE
臺東市區,松江新生幹線,松江新生幹線,14122,FALSE,TRUE
臺東市區,復興幹線,復興幹線,14044,FALSE,TRUE
臺東市區,藍36,藍36,13964,FALSE,TRUE
臺東市區,299,299(三重)去程半,13359,FALSE,TRUE
臺東市區,617,617,13011,FALSE,TRUE
臺東市區,63,63,12142,FALSE,TRUE
臺東市區,299,299(大都會),11771,FALSE,TRUE
臺東市區,忠孝幹線,忠孝幹線,11740,FALSE,TRUE
臺東市區,20,20,10830,FALSE,TRUE
臺東市區,287區,287區,10747,FALSE,TRUE
臺東市區,508,508,10541,FALSE,TRUE
臺東市區,648,648,10386,FALSE,TRUE
臺東市區,225,225,10100,FALSE,TRUE
臺東市區,仁愛幹線,仁愛幹線(板橋發車),9982,FALSE,TRUE
臺東市區,606,606,9979,FALSE,TRUE
臺東市區,紅5,紅5,9925,FALSE,TRUE
臺東市區,647,647,9743,FALSE,TRUE
臺東市區,644,644,9584,FALSE,TRUE
臺東市區,508區,508區(大),9341,FALSE,TRUE
臺東市區,204,204往內湖,9266,FALSE,TRUE
臺東市區,22,22,9185,FALSE,TRUE
臺東市區,222,222,8946,FALSE,TRUE
臺東市區,685,685經吉林,8871,FALSE,TRUE
臺東市區,205,205,8775,FALSE,TRUE
臺東市區,645,645,8702,FALSE,TRUE
臺東市區,和平幹線,和平幹線,8480,FALSE,TRUE
臺東市區,277,277,8211,FALSE,TRUE
臺東市區,281,281,8073,FALSE,TRUE
臺東市區,306,306(三重),7864,FALSE,TRUE
臺東市區,204,204往東園,7766,FALSE,TRUE
臺東市區,221,221,7478,FALSE,TRUE
臺東市區,207,207,7289,FALSE,TRUE
臺東市區,612,612,7242,FALSE,TRUE
臺東市區,270,270,7049,FALSE,TRUE
臺東市區,234,234,6910,FALSE,TRUE
臺東市區,630,630(大都會)往東湖,6213,FALSE,TRUE
臺東市區,508區,508區(三重),6190,FALSE,TRUE
臺東市區,藍10,藍10,5627,FALSE,TRUE
臺東市區,12,12,5349,FALSE,TRUE
臺東市區,505,505,5182,FALSE,TRUE
臺東市區,265經中央路,265經中央路,5179,FALSE,TRUE
臺東市區,688,688,4974,FALSE,TRUE
臺東市區,藍26,藍26,4757,FALSE,TRUE
臺東市區,651,651,4756,FALSE,TRUE
臺東市區,紅31,紅31,4733,FALSE,TRUE
臺東市區,5,5,4673,FALSE,TRUE
臺東市區,紅7區,紅7區,4658,FALSE,TRUE
臺東市區,藍5,藍5,4551,FALSE,TRUE
臺東市區,南環幹線,南環幹線捷運新店站發車,4499,FALSE,TRUE
臺東市區,276,276,4450,FALSE,TRUE
臺東市區,9,9,4422,FALSE,TRUE
臺東市區,紅9,紅9,4377,FALSE,TRUE
臺東市區,262,262返程半,4350,FALSE,TRUE
臺東市區,307西藏三民,307西藏往板橋前站,4231,FALSE,TRUE
臺東市區,46,46,4163,FALSE,TRUE
臺東市區,41,41,4081,FALSE,TRUE
臺東市區,262,262去程半,3943,FALSE,TRUE
臺東市區,49,49,3919,FALSE,TRUE
臺東市區,307西藏三民,307西藏往撫遠街,3867,FALSE,TRUE
臺東市區,232,232,3865,FALSE,TRUE
臺東市區,260,260往東園,3674,FALSE,TRUE
臺東市區,260區,260區,3631,FALSE,TRUE
臺東市區,市民小巴7,市民小巴7,3241,FALSE,TRUE
臺東市區,0南,0南,3140,FALSE,TRUE
臺東市區,南環幹線,南環幹線新店站－捷運新店站,2932,FALSE,TRUE
臺東市區,紅29,紅29,2822,FALSE,TRUE
臺東市區,小15,小15,2588,FALSE,TRUE
臺東市區,255區,255區去程半,2473,FALSE,TRUE
臺東市區,260區,260區往陽明山,2466,FALSE,TRUE
臺東市區,310,310,2432,FALSE,TRUE
臺東市區,東環幹線,東環幹線,2247,FALSE,TRUE
臺東市區,669,669路,2176,FALSE,TRUE
臺東市區,108,108,2068,FALSE,TRUE
臺東市區,255區,255區返程半,1984,FALSE,TRUE
臺東市區,小18,小18,1957,FALSE,TRUE
臺東市區,274,274,1938,FALSE,TRUE
臺東市區,33,33,1913,FALSE,TRUE
臺東市區,604,604路,1859,FALSE,TRUE
臺東市區,0東,0東,1714,FALSE,TRUE
臺東市區,棕13,棕13,1610,FALSE,TRUE
臺東市區,32,32,1402,FALSE,TRUE
臺東市區,559,559路,1349,FALSE,TRUE
臺東市區,和平幹線,和平幹線繞駛世界山莊,1343,FALSE,TRUE
臺東市區,紅25,紅25,1327,FALSE,TRUE
臺東市區,536區,536區,1321,FALSE,TRUE
臺東市區,630,630(大都會)往東園,1318,FALSE,TRUE
臺東市區,38,38,1281,FALSE,TRUE
臺東市區,小2區,小2區,1144,FALSE,TRUE
臺東市區,299,299(大都會)返程半,1128,FALSE,TRUE
臺東市區,2,2,1119,FALSE,TRUE
臺東市區,紅50,紅50,1060,FALSE,TRUE
臺東市區,108區,108區,1056,FALSE,TRUE
臺東市區,小15,小15假日,1038,FALSE,TRUE
臺東市區,645副,645副,1032,FALSE,TRUE
臺東市區,小3,小3,991,FALSE,TRUE
臺東市區,225,225狗狗公車,945,FALSE,TRUE
臺東市區,37,37,880,FALSE,TRUE
臺東市區,645,645狗狗公車,853,FALSE,TRUE
臺東市區,536,536,836,FALSE,TRUE
臺東市區,綠11,綠11不經公訓正門,831,FALSE,TRUE
臺東市區,市民小巴7,市民小巴7經祖師廟,826,FALSE,TRUE
臺東市區,小10,小10,791,FALSE,TRUE
臺東市區,617副,617副,790,FALSE,TRUE
臺東市區,539,539,763,FALSE,TRUE
臺東市區,小1區,小1區,749,FALSE,TRUE
臺東市區,552,552,696,FALSE,TRUE
臺東市區,303區,303區,651,FALSE,TRUE
臺東市區,641,641,651,FALSE,TRUE
臺東市區,111,111,649,FALSE,TRUE
臺東市區,棕5,棕5,627,FALSE,TRUE
臺東市區,紅25區,紅25區,581,FALSE,TRUE
臺東市區,花季專車131,花季專車131,579,FALSE,TRUE
臺東市區,小19,小19,576,FALSE,TRUE
臺東市區,128,128,573,FALSE,TRUE
臺東市區,211,211,519,FALSE,TRUE
臺東市區,棕10,棕10,518,FALSE,TRUE
臺東市區,內科快線1,內快1往內科(大都會),514,FALSE,TRUE
臺東市區,298,298,509,FALSE,TRUE
臺東市區,41,41狗狗公車,503,FALSE,TRUE
臺東市區,292副,292副,500,FALSE,TRUE
臺東市區,市民小巴1,市民小巴1,494,FALSE,TRUE
臺東市區,小10區,小10區,487,FALSE,TRUE
臺東市區,小15,小15假日返程,482,FALSE,TRUE
臺東市區,棕1,棕1,475,FALSE,TRUE
臺東市區,685,685不經吉林,465,FALSE,TRUE
臺東市區,286副,286副,440,FALSE,TRUE
臺東市區,1717,1717(金山郵局發不經捷運劍潭站經小油坑服務站),417,FALSE,TRUE
臺東市區,小5區,小5區,413,FALSE,TRUE
臺東市區,內科快線1,內快1往內科(首都),408,FALSE,TRUE
臺東市區,藍50,藍50,396,FALSE,TRUE
臺東市區,小19,小19經合誠宮,380,FALSE,TRUE
臺東市區,內科快線1,內快1往圓山(首都),362,FALSE,TRUE
臺東市區,1717,1717(捷運台大醫院站發經捷運劍潭站經小油坑服務站),360,FALSE,TRUE
臺東市區,內科通勤專車3,內科3往土城,359,FALSE,TRUE
臺東市區,小11,小11,343,FALSE,TRUE
臺東市區,小15區,小15區不繞菁山路99巷,343,FALSE,TRUE
臺東市區,紅57,紅57,343,FALSE,TRUE
臺東市區,小16,小16 平0550 假0600無繞駛,331,FALSE,TRUE
臺東市區,小5,小5,304,FALSE,TRUE
臺東市區,小1,小1,280,FALSE,TRUE
臺東市區,262區,262區狗狗公車,280,FALSE,TRUE
臺東市區,286,286,279,FALSE,TRUE
臺東市區,38區,38區,276,FALSE,TRUE
臺東市區,小17,小17,259,FALSE,TRUE
臺東市區,內科通勤專車3,內科3往內科,253,FALSE,TRUE
臺東市區,663,663,249,FALSE,TRUE
臺東市區,內科快線2,內快2(上午)(三重),244,FALSE,TRUE
臺東市區,615,615,243,FALSE,TRUE
臺東市區,12,12狗狗公車,242,FALSE,TRUE
臺東市區,內科通勤專車21,內科21往內科,241,FALSE,TRUE
臺東市區,109,109,240,FALSE,TRUE
臺東市區,26,26,235,FALSE,TRUE
臺東市區,南環幹線,南環幹線捷運新店站－新店站,231,FALSE,TRUE
臺東市區,310區,310區,226,FALSE,TRUE
臺東市區,270區,270區,217,FALSE,TRUE
臺東市區,紅33,紅33,216,FALSE,TRUE
臺東市區,297,297,216,FALSE,TRUE
臺東市區,261,261路,214,FALSE,TRUE
臺東市區,618,618,212,FALSE,TRUE
臺東市區,小17,小17經莊頂,188,FALSE,TRUE
臺東市區,內科通勤專車22,內科22(下午),167,FALSE,TRUE
臺東市區,小2,小2,163,FALSE,TRUE
臺東市區,內科通勤專車18,內科18(捷民權西-內科),163,FALSE,TRUE
臺東市區,紅7,紅7,162,FALSE,TRUE
臺東市區,通勤11,通勤11去程半,161,FALSE,TRUE
臺東市區,260區,260區經花鐘,160,FALSE,TRUE
臺東市區,小12,小12,145,FALSE,TRUE
臺東市區,市民小巴17,市民小巴17,144,FALSE,TRUE
臺東市區,南軟通勤專車雙和線,南軟雙和(上午)(大都會),144,FALSE,TRUE
臺東市區,通勤29,通勤29去程半,141,FALSE,TRUE
臺東市區,內科通勤專車12,內科12往內科,140,FALSE,TRUE
臺東市區,懷恩專車S31,懷恩專車S31,135,FALSE,TRUE
臺東市區,綠17,綠17,135,FALSE,TRUE
臺東市區,204,204,133,FALSE,TRUE
臺東市區,南軟通勤專車雙和線,南軟雙和(上午)(北客),129,FALSE,TRUE
臺東市區,559,559繞駛男女五舍,127,FALSE,TRUE
臺東市區,111,111去程半,125,FALSE,TRUE
臺東市區,市民小巴12,市民小巴12,122,FALSE,TRUE
臺東市區,內科快線2,內快2(上午)(東南),120,FALSE,TRUE
臺東市區,303區,303區下午經文化,118,FALSE,TRUE
臺東市區,內科通勤專車13,內科13往內科,117,FALSE,TRUE
臺東市區,小15區,小15區繞菁山路99巷,117,FALSE,TRUE
臺東市區,306,306(大都會),115,FALSE,TRUE
臺東市區,南軟通勤專車雙和線,南軟雙和(下午)(北客),114,FALSE,TRUE
臺東市區,0東,0東狗狗公車,113,FALSE,TRUE
臺東市區,仁愛幹線,仁愛幹線(板橋發車)假日,106,FALSE,TRUE
臺東市區,內科通勤專車22,內科22(上午),105,FALSE,TRUE
臺東市區,南環幹線,南環幹線調度站發車,102,FALSE,TRUE
臺東市區,622,622,102,FALSE,TRUE
臺東市區,內科通勤專車19,內科19(捷市政府-內科),101,FALSE,TRUE
臺東市區,南京幹線,南京幹線返程半,101,FALSE,TRUE
臺東市區,內科通勤專車21,內科21往板橋,100,FALSE,TRUE
臺東市區,225區,225區,97,FALSE,TRUE
臺東市區,39夜,39夜,96,FALSE,TRUE
臺東市區,303區,303區經陽明山,95,FALSE,TRUE
臺東市區,內科快線2,內快2(下午)(三重),91,FALSE,TRUE
臺東市區,68,68,89,FALSE,TRUE
臺東市區,265區,265區(三重),89,FALSE,TRUE
臺東市區,通勤29,通勤29返程半,89,FALSE,TRUE
臺東市區,303區,303區上午經文化,84,FALSE,TRUE
臺東市區,市民小巴9,市民小巴9不經中興院區,79,FALSE,TRUE
臺東市區,通勤9,通勤9,78,FALSE,TRUE
臺東市區,市民小巴6,市民小巴6(山豬)大都會,76,FALSE,TRUE
臺東市區,260區,262區去程半,75,FALSE,TRUE
臺東市區,內科快線2,內快2(上午)(北客),74,FALSE,TRUE
臺東市區,通勤12,通勤12,72,FALSE,TRUE
臺東市區,小12,小12富德公墓,64,FALSE,TRUE
臺東市區,懷恩專車S33,懷恩專車S33,59,FALSE,TRUE
臺東市區,內科通勤專車6,內科6(內科-蘆洲站),58,FALSE,TRUE
臺東市區,621,621,56,FALSE,TRUE
臺東市區,紅50,紅50經復興北路,51,FALSE,TRUE
臺東市區,111,111返程半,50,FALSE,TRUE
臺東市區,北環幹線,北環幹線繞駛士科路去程半,50,FALSE,TRUE
臺東市區,內科通勤專車19,內科19(內科-捷市政府),50,FALSE,TRUE
臺東市區,南京幹線,南京幹線去程半,50,FALSE,TRUE
臺東市區,303,303經陽明山,49,FALSE,TRUE
臺東市區,市民小巴18,市民小巴18,47,FALSE,TRUE
臺東市區,內科通勤專車6,內科6(蘆洲站-內科),47,FALSE,TRUE
臺東市區,小16,小16 平1030、1740 假1740經永公路245巷34弄,46,FALSE,TRUE
臺東市區,內科通勤專車5,內科5往內科,46,FALSE,TRUE
臺東市區,小16,小16 0730、0950經永公路296、350、500巷,46,FALSE,TRUE
臺東市區,雙園巴士,雙園巴士(北客、三重),45,FALSE,TRUE
臺東市區,303,303路,45,FALSE,TRUE
臺東市區,255,255,42,FALSE,TRUE
臺東市區,通勤11,通勤11返程半,41,FALSE,TRUE
臺東市區,662,662,39,FALSE,TRUE
臺東市區,232快,232快,38,FALSE,TRUE
臺東市區,內科通勤專車12,內科12往新莊,38,FALSE,TRUE
臺東市區,市民小巴1,小巴1去繞溪山,38,FALSE,TRUE
臺東市區,內科通勤專車5,內科5往市政府,32,FALSE,TRUE
臺東市區,雙園巴士,雙園巴士(大都會),31,FALSE,TRUE
臺東市區,雙園巴士,雙園巴士(大有、東南、北客),28,FALSE,TRUE
臺東市區,小30,小30,28,FALSE,TRUE
臺東市區,303,303繞駛文化大學、平菁街106巷,28,FALSE,TRUE
臺東市區,小16,小16 假0810經永公路245巷34弄、296、350巷,27,FALSE,TRUE
臺東市區,小16,小16 假0950經永公路245巷34弄、296、350、500巷,25,FALSE,TRUE
臺東市區,雙園巴士,雙園巴士(首都),25,FALSE,TRUE
臺東市區,小16,小16 平0820經永公路245巷34弄,23,FALSE,TRUE
臺東市區,紅68,紅68,21,FALSE,TRUE
臺東市區,小16,小16 平1150、1525經陽明山國小,21,FALSE,TRUE
臺東市區,北環幹線,北環幹線繞駛士科路返程半,20,FALSE,TRUE
臺東市區,小16,小16 假1050經永公路350巷,16,FALSE,TRUE
臺東市區,市民小巴1,小巴1返繞溪山,15,FALSE,TRUE
臺東市區,通勤25,通勤25,15,FALSE,TRUE
臺東市區,懷恩專車S34,懷恩專車S34,13,FALSE,TRUE
臺東市區,市民小巴10,市民小巴10,13,FALSE,TRUE
臺東市區,市民小巴9,市民小巴9經中興院區,11,FALSE,TRUE
臺東市區,542,542路,11,FALSE,TRUE
臺東市區,小16,小16 2300經永公路296、350巷,9,FALSE,TRUE
臺東市區,紅68,紅68返程經中鼎大樓,8,FALSE,TRUE
臺東市區,小16,小16 平0610經陽明山國小,7,FALSE,TRUE
臺東市區,513,513,5,FALSE,TRUE
臺東市區,紅68,紅68去程經中鼎大樓,4,FALSE,TRUE
臺東市區,市民小巴6,市民小巴6大都會,4,FALSE,TRUE
臺東市區,懷恩專車S32,懷恩專車S32,3,FALSE,TRUE
